track_id,track_name,artist_name,album_name,release_date,popularity,duration_ms,explicit,time_range,rank_position,collected_date,spotify_url
4fVoX6BG2jFhPx6uHKevpF,Thought It Was Love,Ty Myers,The Select,2025-01-24,82,246141,0,short_term,1,2025-07-02 14:59:14,https://open.spotify.com/track/4fVoX6BG2jFhPx6uHKevpF
0dS2u2UFd88TIzDDaZDLvS,Here With Me,d4vd,Here With Me,2022-09-22,58,242484,0,short_term,2,2025-07-02 14:59:14,https://open.spotify.com/track/0dS2u2UFd88TIzDDaZDLvS
4IU1RL4BKvFyXtbTwaHAvW,Ventura Highway,America,Homecoming,1972-01-01,82,211680,0,short_term,3,2025-07-02 14:59:14,https://open.spotify.com/track/4IU1RL4BKvFyXtbTwaHAvW
14AyWf6y7KlWWLfAjdKMKI,Ophelia,The Lumineers,Cleopatra,2016-04-08,84,160097,0,short_term,4,2025-07-02 14:59:14,https://open.spotify.com/track/14AyWf6y7KlWWLfAjdKMKI
4AajxCEwGEsmHmT4H1TwjY,undressed,sombr,undressed,2025-03-21,97,182088,0,short_term,5,2025-07-02 14:59:14,https://open.spotify.com/track/4AajxCEwGEsmHmT4H1TwjY
5YKoIm6kDfzy3fPFKBmzN6,On & On & On,Caamp,By and By,2019-07-26,54,217040,0,short_term,6,2025-07-02 14:59:14,https://open.spotify.com/track/5YKoIm6kDfzy3fPFKBmzN6
4vxLWiOERuSSC5edMs6uu0,Daisy Jane,America,Hearts,1975,59,186466,0,short_term,7,2025-07-02 14:59:14,https://open.spotify.com/track/4vxLWiOERuSSC5edMs6uu0
7ne4VBA60CxGM75vw0EYad,That’s So True,Gracie Abrams,The Secret of Us (Deluxe),2024-10-18,96,166300,1,short_term,8,2025-07-02 14:59:14,https://open.spotify.com/track/7ne4VBA60CxGM75vw0EYad
1A3tuE6ti9qoZDwB3LB0t2,I Think I Like When It Rains,WILLIS,Locals 2,2017-06-12,10,278293,0,short_term,9,2025-07-02 14:59:14,https://open.spotify.com/track/1A3tuE6ti9qoZDwB3LB0t2
32xm5clCZkPPc7hdQRZjYQ,Bathroom Light,Mt. Joy,Orange Blood,2022-06-17,67,188266,0,short_term,10,2025-07-02 14:59:14,https://open.spotify.com/track/32xm5clCZkPPc7hdQRZjYQ
5agmWuBAor2UQcNqByOvWC,From,Bon Iver,"SABLE, fABLE",2025-04-11,69,182607,0,short_term,11,2025-07-02 14:59:14,https://open.spotify.com/track/5agmWuBAor2UQcNqByOvWC
5XNOw5EcLiqeqx8KDQY5Q6,Abstract (Psychopomp),Hozier,Unreal Unearth,2023-08-18,61,244120,0,short_term,12,2025-07-02 14:59:14,https://open.spotify.com/track/5XNOw5EcLiqeqx8KDQY5Q6
62qNdSlhFznQD0gHpCGrtw,Delta Dawn,Tanya Tucker,Delta Dawn,1972-04-19,67,178400,0,short_term,13,2025-07-02 14:59:14,https://open.spotify.com/track/62qNdSlhFznQD0gHpCGrtw
2nilAlGEZmwyaLTMMyDdLo,For Emma,Bon Iver,"For Emma, Forever Ago",2008-02-19,74,220720,0,short_term,14,2025-07-02 14:59:14,https://open.spotify.com/track/2nilAlGEZmwyaLTMMyDdLo
5LYJ631w9ps5h9tdvac7yP,Easy Lover,Philip Bailey,Chinese Wall (Expanded Edition),1984-10-01,76,305866,0,short_term,15,2025-07-02 14:59:14,https://open.spotify.com/track/5LYJ631w9ps5h9tdvac7yP
1vX5qdTsxb0Gedzmyc8UV2,A Lingering Love,Fruit Bats,Gold Past Life,2019-06-21,68,216560,0,short_term,16,2025-07-02 14:59:14,https://open.spotify.com/track/1vX5qdTsxb0Gedzmyc8UV2
3lXyvlMnee9RWoe0COt7S4,Memphis; The Blues (feat. J.R. Carroll),Zach Bryan,The Great American Bar Scene,2024-07-04,55,189867,1,short_term,17,2025-07-02 14:59:14,https://open.spotify.com/track/3lXyvlMnee9RWoe0COt7S4
2QTQLUYCTUz8Mar6fGFTiU,Like Ida,Zach Bryan,The Great American Bar Scene,2024-07-04,26,215053,1,short_term,18,2025-07-02 14:59:14,https://open.spotify.com/track/2QTQLUYCTUz8Mar6fGFTiU
59lQwJcWbr9x3OvTvW5NNX,U (Man Like),Bon Iver,"i,i",2019-08-09,49,145720,0,short_term,19,2025-07-02 14:59:14,https://open.spotify.com/track/59lQwJcWbr9x3OvTvW5NNX
63G7tkVugqGnjBLvkPnNX9,best man,mike.,"Love,",2023-02-13,40,157365,1,short_term,20,2025-07-02 14:59:14,https://open.spotify.com/track/63G7tkVugqGnjBLvkPnNX9
6W2PvnTNWUgxCJxRh84ALu,Twenty So,Zach Bryan,Summertime Blues,2022-07-15,57,199316,0,short_term,21,2025-07-02 14:59:14,https://open.spotify.com/track/6W2PvnTNWUgxCJxRh84ALu
6tUkfUpdIx14aSoKkTxrfa,I Was Only Joking,Rod Stewart,Foot Loose & Fancy Free,1977,55,367400,0,short_term,22,2025-07-02 14:59:14,https://open.spotify.com/track/6tUkfUpdIx14aSoKkTxrfa
7u7KSW5VKTYOTod6NvYgvT,The Life You Chose,Jason Isbell,Something More Than Free,2015-07-17,44,243066,0,short_term,23,2025-07-02 14:59:14,https://open.spotify.com/track/7u7KSW5VKTYOTod6NvYgvT
2BZbFzXHhKSFo66cJtpw6d,Life In The City,The Lumineers,III,2019-09-13,51,231360,0,short_term,24,2025-07-02 14:59:14,https://open.spotify.com/track/2BZbFzXHhKSFo66cJtpw6d
3k3NWokhRRkEPhCzPmV8TW,Ojitos Lindos,Bad Bunny,Un Verano Sin Ti,2022-05-06,87,258298,0,short_term,25,2025-07-02 14:59:14,https://open.spotify.com/track/3k3NWokhRRkEPhCzPmV8TW
7CQ2IUALMZScQUbpdiSxdk,Sober,Childish Gambino,Kauai,2014-10-03,72,252026,0,short_term,26,2025-07-02 14:59:14,https://open.spotify.com/track/7CQ2IUALMZScQUbpdiSxdk
1HwDRgozGBMyfJTQUfz09A,Ticking,Zach Bryan,Zach Bryan,2023-08-25,65,242200,0,short_term,27,2025-07-02 14:59:14,https://open.spotify.com/track/1HwDRgozGBMyfJTQUfz09A
2WsHbTjBAT1NQjX00ckGTe,Where I Find God,Larry Fleet,Stack of Records,2021-09-24,71,249613,0,short_term,28,2025-07-02 14:59:14,https://open.spotify.com/track/2WsHbTjBAT1NQjX00ckGTe
2yzshFeBIwH8tWIqHEFLeD,un x100to,Grupo Frontera,El Comienzo,2023-08-25,79,194563,0,short_term,29,2025-07-02 14:59:14,https://open.spotify.com/track/2yzshFeBIwH8tWIqHEFLeD
61GJoJVPyP7YPBIsGd3ZKX,Better Days (feat. John Mayer),Zach Bryan,The Great American Bar Scene,2024-07-04,26,212466,0,short_term,30,2025-07-02 14:59:14,https://open.spotify.com/track/61GJoJVPyP7YPBIsGd3ZKX
6QA2m3HgJaMF62jPguGMry,Happy Instead,Zach Bryan,American Heartbreak,2022-05-20,59,249159,0,short_term,31,2025-07-02 14:59:14,https://open.spotify.com/track/6QA2m3HgJaMF62jPguGMry
6mTdohZURkQkKSO8BSeJot,1-2 many,mike.,why not us?,2022-12-30,48,132210,1,short_term,32,2025-07-02 14:59:14,https://open.spotify.com/track/6mTdohZURkQkKSO8BSeJot
6mxNtI7ZsCI0DySBPUH22p,Poems and Closing Time,Zach Bryan,American Heartbreak,2022-05-20,61,161201,0,short_term,33,2025-07-02 14:59:14,https://open.spotify.com/track/6mxNtI7ZsCI0DySBPUH22p
0oP0VrPXuPmfSSvQFwepJI,Money On Me,Morgan Wallen,One Thing At A Time,2023-03-03,50,175158,0,short_term,34,2025-07-02 14:59:14,https://open.spotify.com/track/0oP0VrPXuPmfSSvQFwepJI
1xHQRQVnfefr7sxZNYTx0k,Julia,Mt. Joy,Mt. Joy,2018-03-02,69,190453,0,short_term,35,2025-07-02 14:59:14,https://open.spotify.com/track/1xHQRQVnfefr7sxZNYTx0k
7HJJTjIw2pKWDnfnygkGUo,Flake,Jack Johnson,Brushfire Fairytales (UK edition with 2 bonus tracks),2001-02-01,49,280853,0,short_term,36,2025-07-02 14:59:14,https://open.spotify.com/track/7HJJTjIw2pKWDnfnygkGUo
0DwClY2t9YAWHBROMIgrXb,Ho Hey,The Lumineers,The Lumineers,2012-04-03,86,163133,0,short_term,37,2025-07-02 14:59:14,https://open.spotify.com/track/0DwClY2t9YAWHBROMIgrXb
0U8L8vNDMK96WY94xhUtqG,cuz i love you,mike.,the lows.,2024-04-11,42,136411,1,short_term,38,2025-07-02 14:59:14,https://open.spotify.com/track/0U8L8vNDMK96WY94xhUtqG
0Z57YWES04xGh3AImDz6Qr,Real Love Baby,Father John Misty,Real Love Baby,2016-07-26,81,189293,0,short_term,39,2025-07-02 14:59:14,https://open.spotify.com/track/0Z57YWES04xGh3AImDz6Qr
0kJUHCpOr6CFU15kEKAgVF,bar hoppin’,mike.,the highs.,2021-07-23,49,197245,1,short_term,40,2025-07-02 14:59:14,https://open.spotify.com/track/0kJUHCpOr6CFU15kEKAgVF
15WbjBy1bzH1UsUldBwwlW,Blood Bank,Bon Iver,Blood Bank,2009-01-20,63,285160,0,short_term,41,2025-07-02 14:59:14,https://open.spotify.com/track/15WbjBy1bzH1UsUldBwwlW
1IdTIzkTK6CcpKKgMUGbg7,Vultures,John Mayer,Continuum,2006-09-11,64,250840,0,short_term,42,2025-07-02 14:59:14,https://open.spotify.com/track/1IdTIzkTK6CcpKKgMUGbg7
1T4OU4uHe6Hi3LD3oSqbHL,’98 Braves,Morgan Wallen,One Thing At A Time,2023-03-03,61,178704,0,short_term,43,2025-07-02 14:59:14,https://open.spotify.com/track/1T4OU4uHe6Hi3LD3oSqbHL
2c4FRqXnna2YeC4lShVONV,Call Me The Breeze,John Mayer,Paradise Valley,2013-08-20,51,205360,0,short_term,44,2025-07-02 14:59:14,https://open.spotify.com/track/2c4FRqXnna2YeC4lShVONV
2kBamITd69LMvfYhkaSkaD,Right Now the Best,Zach Bryan,American Heartbreak,2022-05-20,57,190032,0,short_term,45,2025-07-02 14:59:14,https://open.spotify.com/track/2kBamITd69LMvfYhkaSkaD
3DMs7bahbQTnoxCjgP7qoK,Demeanor (feat. Dua Lipa),Pop Smoke,Faith,2021-07-16,60,184800,1,short_term,46,2025-07-02 14:59:14,https://open.spotify.com/track/3DMs7bahbQTnoxCjgP7qoK
3EvZ03hGAFwGZ2Ebcu86YH,Tourniquet,Zach Bryan,Zach Bryan,2023-08-25,77,189053,1,short_term,47,2025-07-02 14:59:14,https://open.spotify.com/track/3EvZ03hGAFwGZ2Ebcu86YH
3bE5slaVEfaDreqARl6k4M,Yellow Ledbetter,Pearl Jam,Jeremy,1991,75,303586,0,short_term,48,2025-07-02 14:59:14,https://open.spotify.com/track/3bE5slaVEfaDreqARl6k4M
3onPL6KjCPM0K8wZkDeU7y,A Troubled Mind,Noah Kahan,Cape Elizabeth,2020-05-01,66,181750,0,short_term,49,2025-07-02 14:59:14,https://open.spotify.com/track/3onPL6KjCPM0K8wZkDeU7y
44IXD2J5yyr7PpOZzz2cmQ,Fear and Friday's (Poem),Zach Bryan,Zach Bryan,2023-08-25,61,107266,0,short_term,50,2025-07-02 14:59:14,https://open.spotify.com/track/44IXD2J5yyr7PpOZzz2cmQ
0NUqi0ps17YpLUC3kgsZq0,DIE TRYING,PARTYNEXTDOOR,$ome $exy $ongs 4 U,2025-02-14,87,195431,1,medium_term,1,2025-07-02 14:59:14,https://open.spotify.com/track/0NUqi0ps17YpLUC3kgsZq0
2nilAlGEZmwyaLTMMyDdLo,For Emma,Bon Iver,"For Emma, Forever Ago",2008-02-19,74,220720,0,medium_term,2,2025-07-02 14:59:14,https://open.spotify.com/track/2nilAlGEZmwyaLTMMyDdLo
3sBfItjYrLgKrCPIZndhc6,Come to Me,The Goo Goo Dolls,Magnetic,2013-06-04,62,225333,0,medium_term,3,2025-07-02 14:59:14,https://open.spotify.com/track/3sBfItjYrLgKrCPIZndhc6
22rEAnPqaPscewQeBHVUX4,Blink,The Moss,Blink,2022-12-16,48,265412,0,medium_term,4,2025-07-02 14:59:14,https://open.spotify.com/track/22rEAnPqaPscewQeBHVUX4
02WpEtFKlhMaTGMr2LAFf2,Chaos and Clothes,Jason Isbell and the 400 Unit,The Nashville Sound,2017-06-16,43,214945,0,medium_term,5,2025-07-02 14:59:14,https://open.spotify.com/track/02WpEtFKlhMaTGMr2LAFf2
2oPzisApHGH3hbcu4C9UJS,Bobcaygeon,The Tragically Hip,Phantom Power,1998-01-01,64,295357,0,medium_term,6,2025-07-02 14:59:14,https://open.spotify.com/track/2oPzisApHGH3hbcu4C9UJS
4VubngX1uKbUYqZNcBibGc,backwoods,mike.,the lows.,2024-04-11,47,247125,1,medium_term,7,2025-07-02 14:59:14,https://open.spotify.com/track/4VubngX1uKbUYqZNcBibGc
6OjwIdLlkjCLuOThOwODEY,Mary Boone,Vampire Weekend,Only God Was Above Us,2024-04-05,56,266026,0,medium_term,8,2025-07-02 14:59:14,https://open.spotify.com/track/6OjwIdLlkjCLuOThOwODEY
1TerxHmrkz0jQHMcto0aK5,swollen,mike.,the lows.,2024-04-11,43,187114,1,medium_term,9,2025-07-02 14:59:14,https://open.spotify.com/track/1TerxHmrkz0jQHMcto0aK5
1s0B0dkZHfynScpLO0UzJX,I'm Still Fine,The Red Clay Strays,Made by These Moments,2024-07-26,74,232552,0,medium_term,10,2025-07-02 14:59:14,https://open.spotify.com/track/1s0B0dkZHfynScpLO0UzJX
4eIUxJ1uysR9NgW5iIkgy4,You Might Think,Sons Of The East,Palomar Parade,2022-09-23,59,268230,0,medium_term,11,2025-07-02 14:59:14,https://open.spotify.com/track/4eIUxJ1uysR9NgW5iIkgy4
23khhseCLQqVMCIT1WMAns,Magic,Coldplay,Ghost Stories,2014-05-16,75,285014,0,medium_term,12,2025-07-02 14:59:14,https://open.spotify.com/track/23khhseCLQqVMCIT1WMAns
4vxLWiOERuSSC5edMs6uu0,Daisy Jane,America,Hearts,1975,59,186466,0,medium_term,13,2025-07-02 14:59:14,https://open.spotify.com/track/4vxLWiOERuSSC5edMs6uu0
6YrZkw5VWYNTZq9Pg38cOC,Ativan,The Lumineers,Automatic,2025-02-14,62,222613,0,medium_term,14,2025-07-02 14:59:14,https://open.spotify.com/track/6YrZkw5VWYNTZq9Pg38cOC
0R8P9KfGJCDULmlEoBagcO,Trouble,Coldplay,Parachutes,2000-07-10,78,273426,0,medium_term,15,2025-07-02 14:59:14,https://open.spotify.com/track/0R8P9KfGJCDULmlEoBagcO
4VV2P5RMzqMHvEFfPYhCe3,Willie's Song,The Moss,Willie's Song,2020-04-14,53,271906,0,medium_term,16,2025-07-02 14:59:14,https://open.spotify.com/track/4VV2P5RMzqMHvEFfPYhCe3
0e3aRkhcCdkYN62p2PFfD3,24/7,Common Kings,Summer Anthems,2013-08-13,59,185480,0,medium_term,17,2025-07-02 14:59:14,https://open.spotify.com/track/0e3aRkhcCdkYN62p2PFfD3
7H71gZwWs3xPWnHM30NDUp,Mykonos,Fleet Foxes,First Collection: 2006-2009,2018-11-09,65,275306,0,medium_term,18,2025-07-02 14:59:14,https://open.spotify.com/track/7H71gZwWs3xPWnHM30NDUp
4IU1RL4BKvFyXtbTwaHAvW,Ventura Highway,America,Homecoming,1972-01-01,82,211680,0,medium_term,19,2025-07-02 14:59:14,https://open.spotify.com/track/4IU1RL4BKvFyXtbTwaHAvW
11sKdl8puV5Qj1U2DXlU79,Heartbreaker,The Moss,Kentucky Derby,2021-04-23,36,180075,0,medium_term,20,2025-07-02 14:59:14,https://open.spotify.com/track/11sKdl8puV5Qj1U2DXlU79
2AXY5WABx7NjWw1zb4qCdc,Cleopatra,The Lumineers,Cleopatra,2016-04-08,78,201413,0,medium_term,21,2025-07-02 14:59:14,https://open.spotify.com/track/2AXY5WABx7NjWw1zb4qCdc
0cZEkGxb0V9MbpzHzpKp9F,The Karate Kid,Coldplay,Moon Music (Full Moon Edition),2024-10-03,55,175466,0,medium_term,22,2025-07-02 14:59:14,https://open.spotify.com/track/0cZEkGxb0V9MbpzHzpKp9F
5agmWuBAor2UQcNqByOvWC,From,Bon Iver,"SABLE, fABLE",2025-04-11,69,182607,0,medium_term,23,2025-07-02 14:59:14,https://open.spotify.com/track/5agmWuBAor2UQcNqByOvWC
67dUtWComJOfqLFM0LANC9,It's True,Gavin Adcock,It's True,2023-07-14,61,232266,0,medium_term,24,2025-07-02 14:59:14,https://open.spotify.com/track/67dUtWComJOfqLFM0LANC9
3Tgv4rvWBVwnbmUTlJwzk0,Do I Wanna Know? - Live At the BBC,Hozier,Hozier (Special Edition),2014-09-19,78,257560,0,medium_term,25,2025-07-02 14:59:14,https://open.spotify.com/track/3Tgv4rvWBVwnbmUTlJwzk0
1C042FLYy7rP3MfnkOcnha,Cherry Wine - Live,Hozier,Hozier (Expanded Edition),2014-09-19,71,240146,0,medium_term,26,2025-07-02 14:59:14,https://open.spotify.com/track/1C042FLYy7rP3MfnkOcnha
3KZw9g7PNBBx66sHNqme6Z,What Are You Listening To?,Chris Stapleton,What Are You Listening To?,2013-01-01,75,245920,0,medium_term,27,2025-07-02 14:59:14,https://open.spotify.com/track/3KZw9g7PNBBx66sHNqme6Z
4ZYCwq1EMPY5zZt195ARWg,Better Be Home Soon,Crowded House,Temple Of Low Men,1988-01-01,65,187666,0,medium_term,28,2025-07-02 14:59:14,https://open.spotify.com/track/4ZYCwq1EMPY5zZt195ARWg
7ne4VBA60CxGM75vw0EYad,That’s So True,Gracie Abrams,The Secret of Us (Deluxe),2024-10-18,96,166300,1,medium_term,29,2025-07-02 14:59:14,https://open.spotify.com/track/7ne4VBA60CxGM75vw0EYad
5zz6QUSbVsIbyZUJhGdO0T,Foxes in the Snow,Jason Isbell,Foxes in the Snow,2025-03-07,49,200306,0,medium_term,30,2025-07-02 14:59:14,https://open.spotify.com/track/5zz6QUSbVsIbyZUJhGdO0T
32xm5clCZkPPc7hdQRZjYQ,Bathroom Light,Mt. Joy,Orange Blood,2022-06-17,67,188266,0,medium_term,31,2025-07-02 14:59:14,https://open.spotify.com/track/32xm5clCZkPPc7hdQRZjYQ
6T4eTkoARLnJIzWjAtyQe0,By and By,Caamp,By and By,2019-07-26,74,280794,0,medium_term,32,2025-07-02 14:59:14,https://open.spotify.com/track/6T4eTkoARLnJIzWjAtyQe0
1o82DwNisONAd2mu1RcGE6,Margaret (feat. Bleachers),Lana Del Rey,Did you know that there's a tunnel under Ocean Blvd,2023-03-24,84,339890,0,medium_term,33,2025-07-02 14:59:14,https://open.spotify.com/track/1o82DwNisONAd2mu1RcGE6
4aFt8GeOqyZ2OtGwBsHY4x,East Coast,Morgan Wade,East Coast,2025-03-14,49,197529,0,medium_term,34,2025-07-02 14:59:14,https://open.spotify.com/track/4aFt8GeOqyZ2OtGwBsHY4x
0SfE3iGk2CVjpc2rjhOwDh,Body on My Shoulders,Hans Williams,Body on My Shoulders,2020-08-21,43,224181,1,medium_term,35,2025-07-02 14:59:14,https://open.spotify.com/track/0SfE3iGk2CVjpc2rjhOwDh
0hltBiPrw06vWjtadBn6oe,Babylon,David Gray,White Ladder (2020 Remaster),1998,75,265640,0,medium_term,36,2025-07-02 14:59:14,https://open.spotify.com/track/0hltBiPrw06vWjtadBn6oe
3ou9rSNUQnE7XYmJkUUIOc,Green Eyes,Coldplay,A Rush of Blood to the Head,2002-08-27,69,223040,0,medium_term,37,2025-07-02 14:59:14,https://open.spotify.com/track/3ou9rSNUQnE7XYmJkUUIOc
0DwClY2t9YAWHBROMIgrXb,Ho Hey,The Lumineers,The Lumineers,2012-04-03,86,163133,0,medium_term,38,2025-07-02 14:59:14,https://open.spotify.com/track/0DwClY2t9YAWHBROMIgrXb
2QDZ9lADJ8RitLpF7AxA0e,he said she said,mike.,the lows.,2024-04-11,47,251903,1,medium_term,39,2025-07-02 14:59:14,https://open.spotify.com/track/2QDZ9lADJ8RitLpF7AxA0e
3frC55hy41BhQK65FiJK7q,4x4,Dominic Fike,Sunburn,2023-07-07,55,167921,0,medium_term,40,2025-07-02 14:59:14,https://open.spotify.com/track/3frC55hy41BhQK65FiJK7q
4rxStMhSPuwm1QfXwp5zUA,Walk Home,Bon Iver,"SABLE, fABLE",2025-04-11,65,226050,0,medium_term,41,2025-07-02 14:59:14,https://open.spotify.com/track/4rxStMhSPuwm1QfXwp5zUA
6YKbbTHONx46zMf3xXITDn,6am,mike.,the lows.,2024-04-11,48,136500,1,medium_term,42,2025-07-02 14:59:14,https://open.spotify.com/track/6YKbbTHONx46zMf3xXITDn
0U8L8vNDMK96WY94xhUtqG,cuz i love you,mike.,the lows.,2024-04-11,42,136411,1,medium_term,43,2025-07-02 14:59:14,https://open.spotify.com/track/0U8L8vNDMK96WY94xhUtqG
1xHQRQVnfefr7sxZNYTx0k,Julia,Mt. Joy,Mt. Joy,2018-03-02,69,190453,0,medium_term,44,2025-07-02 14:59:14,https://open.spotify.com/track/1xHQRQVnfefr7sxZNYTx0k
3MyhUYzvDUjf7RT8DiCE1O,locomotive spaces,TheFleok,Wrong Page,2023-04-14,16,215000,0,medium_term,45,2025-07-02 14:59:14,https://open.spotify.com/track/3MyhUYzvDUjf7RT8DiCE1O
5g8Z70EfBKKP6Re0l1gOkS,To Love Someone,Cardinal Bloom,To Love Someone,2021-07-16,43,312500,0,medium_term,46,2025-07-02 14:59:14,https://open.spotify.com/track/5g8Z70EfBKKP6Re0l1gOkS
0gEyKnHvgkrkBM6fbeHdwK,Linger,The Cranberries,"Everybody Else Is Doing It, So Why Can't We?",1993-03-01,87,274706,0,medium_term,47,2025-07-02 14:59:14,https://open.spotify.com/track/0gEyKnHvgkrkBM6fbeHdwK
5l9c6bJmzvftumhz4TMPgk,Harvest Moon,Neil Young,Harvest Moon,1992-11-02,78,303213,0,medium_term,48,2025-07-02 14:59:14,https://open.spotify.com/track/5l9c6bJmzvftumhz4TMPgk
6dOtVTDdiauQNBQEDOtlAB,BIRDS OF A FEATHER,Billie Eilish,HIT ME HARD AND SOFT,2024-05-17,100,210373,0,medium_term,49,2025-07-02 14:59:14,https://open.spotify.com/track/6dOtVTDdiauQNBQEDOtlAB
0ewS6zZyFAH1yu2IfVW9KK,In Need of Repair,Band of Horses,Things Are Great,2022-03-04,48,236600,1,medium_term,50,2025-07-02 14:59:14,https://open.spotify.com/track/0ewS6zZyFAH1yu2IfVW9KK
2nilAlGEZmwyaLTMMyDdLo,For Emma,Bon Iver,"For Emma, Forever Ago",2008-02-19,74,220720,0,long_term,1,2025-07-02 14:59:14,https://open.spotify.com/track/2nilAlGEZmwyaLTMMyDdLo
0bhBtXHQX3u6dSAPF59qGx,Flume,Bon Iver,"For Emma, Forever Ago",2008-02-19,67,219000,0,long_term,2,2025-07-02 14:59:14,https://open.spotify.com/track/0bhBtXHQX3u6dSAPF59qGx
1HwDRgozGBMyfJTQUfz09A,Ticking,Zach Bryan,Zach Bryan,2023-08-25,65,242200,0,long_term,3,2025-07-02 14:59:14,https://open.spotify.com/track/1HwDRgozGBMyfJTQUfz09A
20AC70RUlVz6A6dCcQ5tRS,Re: Stacks,Bon Iver,"For Emma, Forever Ago",2008-02-19,69,401413,0,long_term,4,2025-07-02 14:59:14,https://open.spotify.com/track/20AC70RUlVz6A6dCcQ5tRS
71glNHT4FultOqlau4zrFf,Bathroom Light,Mt. Joy,Bathroom Light,2022-06-03,54,188266,0,long_term,5,2025-07-02 14:59:14,https://open.spotify.com/track/71glNHT4FultOqlau4zrFf
3MyhUYzvDUjf7RT8DiCE1O,locomotive spaces,TheFleok,Wrong Page,2023-04-14,16,215000,0,long_term,6,2025-07-02 14:59:14,https://open.spotify.com/track/3MyhUYzvDUjf7RT8DiCE1O
3EvZ03hGAFwGZ2Ebcu86YH,Tourniquet,Zach Bryan,Zach Bryan,2023-08-25,77,189053,1,long_term,7,2025-07-02 14:59:14,https://open.spotify.com/track/3EvZ03hGAFwGZ2Ebcu86YH
3B3eOgLJSqPEA0RfboIQVM,Skinny Love,Bon Iver,"For Emma, Forever Ago",2008-02-19,76,238520,0,long_term,8,2025-07-02 14:59:14,https://open.spotify.com/track/3B3eOgLJSqPEA0RfboIQVM
2pUYbyOIOSfDfsnCR3KceZ,Jake's Piano - Long Island,Zach Bryan,Zach Bryan,2023-08-25,62,319195,0,long_term,9,2025-07-02 14:59:14,https://open.spotify.com/track/2pUYbyOIOSfDfsnCR3KceZ
1fOvzFCRA3Ko0ihc2QTE29,Hold On,Luke Grimes,Hold On,2023-04-21,55,184106,0,long_term,10,2025-07-02 14:59:14,https://open.spotify.com/track/1fOvzFCRA3Ko0ihc2QTE29
6v3fTUFKWI1qjJR0SnfYgi,Montreal,The Ghost of Paul Revere,Monarch,2017-10-27,45,226193,0,long_term,11,2025-07-02 14:59:14,https://open.spotify.com/track/6v3fTUFKWI1qjJR0SnfYgi
59lQwJcWbr9x3OvTvW5NNX,U (Man Like),Bon Iver,"i,i",2019-08-09,49,145720,0,long_term,12,2025-07-02 14:59:14,https://open.spotify.com/track/59lQwJcWbr9x3OvTvW5NNX
250RLekaiL1q9qZer975Eg,If We Were Vampires,Jason Isbell and the 400 Unit,The Nashville Sound,2017-06-16,63,215563,0,long_term,13,2025-07-02 14:59:14,https://open.spotify.com/track/250RLekaiL1q9qZer975Eg
1vj47xD8v9wIhQrmQY2Dkv,Better Days (feat. John Mayer),Zach Bryan,The Great American Bar Scene,2024-07-04,73,212466,0,long_term,14,2025-07-02 14:59:14,https://open.spotify.com/track/1vj47xD8v9wIhQrmQY2Dkv
7o2qUjNfveNIYNFVw1E8Vy,another life,mike.,the lows.,2024-04-11,44,220124,1,long_term,15,2025-07-02 14:59:14,https://open.spotify.com/track/7o2qUjNfveNIYNFVw1E8Vy
4KULAymBBJcPRpk1yO4dOG,I Remember Everything (feat. Kacey Musgraves),Zach Bryan,Zach Bryan,2023-08-25,89,227195,0,long_term,16,2025-07-02 14:59:14,https://open.spotify.com/track/4KULAymBBJcPRpk1yO4dOG
0HEytGQM3bG1vKxER7IgVK,Spotless (feat. The Lumineers),Zach Bryan,Zach Bryan,2023-08-25,80,169467,1,long_term,17,2025-07-02 14:59:14,https://open.spotify.com/track/0HEytGQM3bG1vKxER7IgVK
5iJKGpnFfvbjZJeAtwXfCj,28,Zach Bryan,The Great American Bar Scene,2024-07-04,84,233333,0,long_term,18,2025-07-02 14:59:14,https://open.spotify.com/track/5iJKGpnFfvbjZJeAtwXfCj
7Gvf6Li9MYft4fUijkFjKq,Strawberry Wine,Noah Kahan,Stick Season,2022-10-14,68,285913,0,long_term,19,2025-07-02 14:59:14,https://open.spotify.com/track/7Gvf6Li9MYft4fUijkFjKq
6MpKc6ceAd2fAMEpkLxkiF,Lump Sum,Bon Iver,"For Emma, Forever Ago",2008-02-19,59,201066,0,long_term,20,2025-07-02 14:59:14,https://open.spotify.com/track/6MpKc6ceAd2fAMEpkLxkiF
0U8L8vNDMK96WY94xhUtqG,cuz i love you,mike.,the lows.,2024-04-11,42,136411,1,long_term,21,2025-07-02 14:59:14,https://open.spotify.com/track/0U8L8vNDMK96WY94xhUtqG
1olWQ1LOUYs4VBwx5N8Lz9,In Your Love,Tyler Childers,In Your Love,2023-07-27,65,225826,0,long_term,22,2025-07-02 14:59:14,https://open.spotify.com/track/1olWQ1LOUYs4VBwx5N8Lz9
04J9hE3RhAsecsgVWl70jW,Green Thumb,Post Malone,AUSTIN,2023-07-28,52,159406,0,long_term,23,2025-07-02 14:59:14,https://open.spotify.com/track/04J9hE3RhAsecsgVWl70jW
1B10XgaxSXRLAFq967oMpF,Hero,Family of the Year,Loma Vista,2012-07-10,66,190280,0,long_term,24,2025-07-02 14:59:14,https://open.spotify.com/track/1B10XgaxSXRLAFq967oMpF
0SfE3iGk2CVjpc2rjhOwDh,Body on My Shoulders,Hans Williams,Body on My Shoulders,2020-08-21,43,224181,1,long_term,25,2025-07-02 14:59:14,https://open.spotify.com/track/0SfE3iGk2CVjpc2rjhOwDh
0gEyKnHvgkrkBM6fbeHdwK,Linger,The Cranberries,"Everybody Else Is Doing It, So Why Can't We?",1993-03-01,87,274706,0,long_term,26,2025-07-02 14:59:14,https://open.spotify.com/track/0gEyKnHvgkrkBM6fbeHdwK
22rEAnPqaPscewQeBHVUX4,Blink,The Moss,Blink,2022-12-16,48,265412,0,long_term,27,2025-07-02 14:59:14,https://open.spotify.com/track/22rEAnPqaPscewQeBHVUX4
4VubngX1uKbUYqZNcBibGc,backwoods,mike.,the lows.,2024-04-11,47,247125,1,long_term,28,2025-07-02 14:59:14,https://open.spotify.com/track/4VubngX1uKbUYqZNcBibGc
3B2a1fpfeRdnhEBd82FRR6,strawberry,mike.,the lows.,2024-04-11,42,214160,1,long_term,29,2025-07-02 14:59:14,https://open.spotify.com/track/3B2a1fpfeRdnhEBd82FRR6
5wQ22DdiU6MEDEfron2yMC,Coming Down (Live),Tyler Childers,Live on Red Barn Radio I & II,2018-06-29,62,213893,0,long_term,30,2025-07-02 14:59:14,https://open.spotify.com/track/5wQ22DdiU6MEDEfron2yMC
1fw6nh5hAwvlB1wNNukAcq,Northern Air,Morgan Wade,Reckless,2021-03-19,34,291253,0,long_term,31,2025-07-02 14:59:14,https://open.spotify.com/track/1fw6nh5hAwvlB1wNNukAcq
4mOqHhznOkkYrhfgssktbZ,Blindsided,Bon Iver,"For Emma, Forever Ago",2008-02-19,57,329266,0,long_term,32,2025-07-02 14:59:14,https://open.spotify.com/track/4mOqHhznOkkYrhfgssktbZ
5pIVEk6Di7n1v5khOzJaJL,Overtime,Zach Bryan,Zach Bryan,2023-08-25,70,190946,1,long_term,33,2025-07-02 14:59:14,https://open.spotify.com/track/5pIVEk6Di7n1v5khOzJaJL
02WpEtFKlhMaTGMr2LAFf2,Chaos and Clothes,Jason Isbell and the 400 Unit,The Nashville Sound,2017-06-16,43,214945,0,long_term,34,2025-07-02 14:59:14,https://open.spotify.com/track/02WpEtFKlhMaTGMr2LAFf2
4pCbJC43j3gSqG6Fen6upD,Hey Driver (feat. The War and Treaty),Zach Bryan,Zach Bryan,2023-08-25,79,227466,0,long_term,35,2025-07-02 14:59:14,https://open.spotify.com/track/4pCbJC43j3gSqG6Fen6upD
5aGXoGa7ZmsYr3dvQJsR7R,AUATC,Bon Iver,AUATC,2020-08-06,48,142125,0,long_term,36,2025-07-02 14:59:14,https://open.spotify.com/track/5aGXoGa7ZmsYr3dvQJsR7R
1vhbThkFnqAHbZp0fEjXE4,Sarah's Place (feat. Noah Kahan),Zach Bryan,Boys Of Faith,2023-09-22,59,214056,0,long_term,37,2025-07-02 14:59:14,https://open.spotify.com/track/1vhbThkFnqAHbZp0fEjXE4
4nHJcUtNSUVjXRnjdP29Bk,You’re Gonna Go Far,Noah Kahan,Stick Season (We'll All Be Here Forever),2023-06-09,84,286369,1,long_term,38,2025-07-02 14:59:14,https://open.spotify.com/track/4nHJcUtNSUVjXRnjdP29Bk
2i8fcnTT5iItxMNwa8mfr3,Telepath,Manchester Orchestra,The Million Masks Of God,2021-04-30,53,148786,0,long_term,39,2025-07-02 14:59:14,https://open.spotify.com/track/2i8fcnTT5iItxMNwa8mfr3
2ghXKfcI55OKIAwm3Bvvlo,Morning Time,Zach Bryan,American Heartbreak,2022-05-20,56,225969,1,long_term,40,2025-07-02 14:59:14,https://open.spotify.com/track/2ghXKfcI55OKIAwm3Bvvlo
2qHl2VvpKJ6ciB45nCtLB2,Towers,Bon Iver,"Bon Iver, Bon Iver (10th Anniversary Edition)",2011-06-22,41,188040,1,long_term,41,2025-07-02 14:59:14,https://open.spotify.com/track/2qHl2VvpKJ6ciB45nCtLB2
4tJTUbAiWPzDnCMtfGlk9e,Iffy,Caamp,Caamp,2016-03-08,35,236348,0,long_term,42,2025-07-02 14:59:14,https://open.spotify.com/track/4tJTUbAiWPzDnCMtfGlk9e
3dqKIhQojC7OtSozcaXxcI,same guy,mike.,the lows.,2024-04-11,43,128373,1,long_term,43,2025-07-02 14:59:14,https://open.spotify.com/track/3dqKIhQojC7OtSozcaXxcI
67q8yivDoOPXCYodi1zTix,Glue Myself Shut,Noah Kahan,Cape Elizabeth,2020-05-01,72,196201,1,long_term,44,2025-07-02 14:59:14,https://open.spotify.com/track/67q8yivDoOPXCYodi1zTix
4ABeiTbfMPzISpIeehvxRg,Strawberry Woman,Jason Isbell and the 400 Unit,Weathervanes,2023-06-09,49,250574,0,long_term,45,2025-07-02 14:59:14,https://open.spotify.com/track/4ABeiTbfMPzISpIeehvxRg
6khKJVbTxzfhbGfHMtyOM8,S P E Y S I D E,Bon Iver,S P E Y S I D E,2024-09-20,8,209077,0,long_term,46,2025-07-02 14:59:14,https://open.spotify.com/track/6khKJVbTxzfhbGfHMtyOM8
32iNr3J93tqFkxaMYwdRYi,"Everywhere, Everything",Noah Kahan,Stick Season,2022-10-14,72,257668,0,long_term,47,2025-07-02 14:59:14,https://open.spotify.com/track/32iNr3J93tqFkxaMYwdRYi
5sWF1EZGm727f3b620vkbC,33 “GOD”,Bon Iver,"22, A Million",2016-09-30,56,213000,0,long_term,48,2025-07-02 14:59:14,https://open.spotify.com/track/5sWF1EZGm727f3b620vkbC
62zS8olaCYfnyGCVoVH62Z,matching tattoo,mike.,the lows.,2024-04-11,42,262100,1,long_term,49,2025-07-02 14:59:14,https://open.spotify.com/track/62zS8olaCYfnyGCVoVH62Z
1C042FLYy7rP3MfnkOcnha,Cherry Wine - Live,Hozier,Hozier (Expanded Edition),2014-09-19,71,240146,0,long_term,50,2025-07-02 14:59:14,https://open.spotify.com/track/1C042FLYy7rP3MfnkOcnha
